{
    "playTime": 1.3927514553070069,
    "playDate": "2024 - 07 - 15 - 18",
    "spawnPos": {
        "x": -8.799996376037598,
        "y": -2.3970589637756349
    },
    "savePoint": 0,
    "playerHp": 4,
    "currentScene": "",
    "StageNumber": 0
}