{
    "playTime": 69.45964813232422,
    "playDate": "2024 - 08 - 09 - 00",
    "spawnPos": {
        "x": 59.61598587036133,
        "y": -2.3970589637756349
    },
    "savePoint": 0,
    "playerHp": -113,
    "currentScene": "JESScene",
    "StageNumber": 0
}