{
    "playTime": 41.341575622558597,
    "playDate": "2024 - 08 - 11 - 01",
    "spawnPos": {
        "x": 15.476061820983887,
        "y": -0.05204358696937561
    },
    "savePoint": 0,
    "playerHp": -146,
    "currentScene": "JESScene",
    "StageNumber": 0
}